gpu,gpu_full_name,kernel,seq_len,head_dim,duration_mean_ns,duration_std_ns,duration_median_ns,duration_min_ns,duration_max_ns,kernels_per_iter,data_source,grid_x,grid_y,grid_z,block_x,block_y,block_z,registers_per_thread,static_shared_mem_bytes,dynamic_shared_mem_bytes,memcpy_h2d_bytes,memcpy_h2d_duration_ns,memcpy_d2h_bytes,memcpy_d2h_duration_ns
a100,NVIDIA A100-SXM4-40GB,cudnn,1024,128,32595.25,49.117340704630344,32576.0,32544.0,32736.0,1.0,kernel_table,16.0,1.0,1.0,128.0,1.0,1.0,203.0,0.0,40960.0,15728640.0,1491328.0,5242880.0,300384.0
a100,NVIDIA A100-SXM4-40GB,flash,1024,128,25484.8,168.17835144493728,25488.0,25184.0,25952.0,2.0,kernel_table,16.0,8.0,1.0,128.0,1.0,1.0,240.0,0.0,81920.0,15728640.0,1487966.0,5242880.0,300096.0
a100,NVIDIA A100-SXM4-40GB,math,1024,128,157928.0,207.09113173215616,157952.0,157504.0,158336.0,15.0,kernel_table,256.0,1.0,1.0,128.0,1.0,1.0,32.0,0.0,0.0,15728640.0,1492672.0,5242880.0,305280.0
a100,NVIDIA A100-SXM4-40GB,mea,1024,128,59940.8,77.18849109740866,59936.0,59808.0,60096.0,1.0,kernel_table,16.0,1.0,1.0,32.0,8.0,1.0,124.0,0.0,52224.0,15728640.0,1489725.0,5242880.0,299679.0
a100,NVIDIA A100-SXM4-40GB,cudnn,1024,64,34990.5,42.14573712600999,34976.0,34944.0,35136.0,1.0,kernel_table,8.0,1.0,1.0,128.0,1.0,1.0,233.0,0.0,40960.0,7864320.0,851874.0,2621440.0,165856.0
a100,NVIDIA A100-SXM4-40GB,flash,1024,64,19019.25,63.37762763160614,19008.0,18944.0,19168.0,2.0,kernel_table,16.0,4.0,1.0,128.0,1.0,1.0,254.0,0.0,73728.0,7864320.0,854915.0,2621440.0,165248.0
a100,NVIDIA A100-SXM4-40GB,math,1024,64,127185.6,183.5252456461336,127200.0,126816.0,127488.0,15.0,kernel_table,128.0,1.0,1.0,128.0,1.0,1.0,32.0,0.0,0.0,7864320.0,854720.0,2621440.0,163744.0
a100,NVIDIA A100-SXM4-40GB,mea,1024,64,66830.3,51.32773949927333,66816.0,66784.0,67008.0,1.0,kernel_table,16.0,1.0,1.0,32.0,4.0,1.0,128.0,0.0,18944.0,7864320.0,854976.0,2621440.0,165216.0
a100,NVIDIA A100-SXM4-40GB,cudnn,2048,128,59099.3,75.74201364882602,59104.0,58976.0,59328.0,1.0,kernel_table,32.0,1.0,1.0,128.0,1.0,1.0,203.0,0.0,40960.0,31457280.0,2765952.0,10485760.0,695331.0
a100,NVIDIA A100-SXM4-40GB,flash,2048,128,37913.65,124.46993930051418,37888.0,37696.0,38112.0,2.0,kernel_table,32.0,6.0,1.0,128.0,1.0,1.0,240.0,0.0,81920.0,31457280.0,2761409.0,10485760.0,699553.0
a100,NVIDIA A100-SXM4-40GB,math,2048,128,353187.4,947.3578993567764,353296.5,351872.0,354912.0,15.0,kernel_table,512.0,1.0,1.0,128.0,1.0,1.0,32.0,0.0,0.0,31457280.0,2768611.0,10485760.0,697760.0
a100,NVIDIA A100-SXM4-40GB,mea,2048,128,114912.0,130.08822916936433,114928.0,114688.0,115104.0,1.0,kernel_table,32.0,1.0,1.0,32.0,8.0,1.0,124.0,0.0,52224.0,31457280.0,2766210.0,10485760.0,699873.0
a100,NVIDIA A100-SXM4-40GB,cudnn,2048,64,63771.2,78.572527675156,63744.0,63712.0,64096.0,1.0,kernel_table,16.0,1.0,1.0,128.0,1.0,1.0,233.0,0.0,40960.0,15728640.0,1490464.0,5242880.0,299520.0
a100,NVIDIA A100-SXM4-40GB,flash,2048,64,29899.2,135.47639141776307,29904.0,29728.0,30144.0,2.0,kernel_table,32.0,4.0,1.0,128.0,1.0,1.0,254.0,0.0,73728.0,15728640.0,1489377.0,5242880.0,299680.0
a100,NVIDIA A100-SXM4-40GB,math,2048,64,273977.6,622.7225791043036,273952.0,273088.0,275168.0,15.0,kernel_table,256.0,1.0,1.0,128.0,1.0,1.0,32.0,0.0,0.0,15728640.0,1495232.0,5242880.0,305408.0
a100,NVIDIA A100-SXM4-40GB,mea,2048,64,129185.7,154.09228267161004,129152.0,128897.0,129472.0,1.0,kernel_table,32.0,1.0,1.0,32.0,4.0,1.0,128.0,0.0,18944.0,15728640.0,1492256.0,5242880.0,299392.0
a100,NVIDIA A100-SXM4-40GB,cudnn,256,128,12809.6,48.80724708914703,12800.0,12768.0,12992.0,1.0,kernel_table,4.0,1.0,1.0,128.0,1.0,1.0,203.0,0.0,40960.0,3932160.0,474240.0,1310720.0,103680.0
a100,NVIDIA A100-SXM4-40GB,flash,256,128,16884.8,51.15260964686173,16896.0,16832.0,17056.0,2.0,kernel_table,4.0,2.0,1.0,128.0,1.0,1.0,240.0,0.0,81920.0,3932160.0,474816.0,1310720.0,103168.0
a100,NVIDIA A100-SXM4-40GB,math,256,128,73695.95,123.29531301118594,73680.0,73472.0,73984.0,15.0,kernel_table,64.0,1.0,1.0,128.0,1.0,1.0,32.0,0.0,0.0,3932160.0,473376.0,1310720.0,109536.0
a100,NVIDIA A100-SXM4-40GB,mea,256,128,18692.8,36.37465861659302,18688.0,18656.0,18816.0,1.0,kernel_table,4.0,1.0,1.0,32.0,8.0,1.0,124.0,0.0,52224.0,3932160.0,474784.0,1310720.0,103520.0
a100,NVIDIA A100-SXM4-40GB,cudnn,256,64,12489.6,53.040600139495915,12480.0,12448.0,12640.0,1.0,kernel_table,2.0,1.0,1.0,128.0,1.0,1.0,233.0,0.0,40960.0,1966080.0,300800.0,655360.0,73088.0
a100,NVIDIA A100-SXM4-40GB,flash,256,64,14680.0,61.31197187121649,14656.0,14624.0,14848.0,1.0,kernel_table,2.0,1.0,1.0,128.0,1.0,1.0,255.0,0.0,49152.0,1966080.0,300320.0,655360.0,72832.0
a100,NVIDIA A100-SXM4-40GB,math,256,64,66032.0,110.11955225786966,66032.0,65856.0,66272.0,15.0,kernel_table,32.0,1.0,1.0,128.0,1.0,1.0,32.0,0.0,0.0,1966080.0,296448.0,655360.0,75680.0
a100,NVIDIA A100-SXM4-40GB,mea,256,64,20563.2,39.39756872006992,20544.0,20544.0,20704.0,1.0,kernel_table,4.0,1.0,1.0,32.0,4.0,1.0,128.0,0.0,18944.0,1966080.0,297120.0,655360.0,73440.0
a100,NVIDIA A100-SXM4-40GB,cudnn,4096,128,112238.35,79.40122960734232,112240.0,112128.0,112416.0,1.0,kernel_table,64.0,1.0,1.0,128.0,1.0,1.0,203.0,0.0,40960.0,62914560.0,5313632.0,20971520.0,1487808.0
a100,NVIDIA A100-SXM4-40GB,flash,4096,128,87049.6,535.7743437011716,87056.0,85952.0,87904.0,2.0,kernel_table,64.0,3.0,1.0,128.0,1.0,1.0,240.0,0.0,81920.0,62914560.0,5316294.0,20971520.0,1493217.0
a100,NVIDIA A100-SXM4-40GB,math,4096,128,1117888.75,685.0661032261586,1117985.0,1116768.0,1119201.0,14.0,kernel_table,1024.0,1.0,1.0,128.0,1.0,1.0,32.0,0.0,0.0,62914560.0,5311426.0,20971520.0,1493762.0
a100,NVIDIA A100-SXM4-40GB,mea,4096,128,226497.65,357.33829983128845,226464.0,225984.0,227136.0,1.0,kernel_table,64.0,1.0,1.0,32.0,8.0,1.0,124.0,0.0,52224.0,62914560.0,5316705.0,20971520.0,1493378.0
a100,NVIDIA A100-SXM4-40GB,cudnn,4096,64,121579.25,45.605718708812915,121568.0,121536.0,121728.0,1.0,kernel_table,32.0,1.0,1.0,128.0,1.0,1.0,233.0,0.0,40960.0,31457280.0,2763874.0,10485760.0,695776.0
a100,NVIDIA A100-SXM4-40GB,flash,4096,64,57088.0,232.847815671863,57056.0,56800.0,57664.0,2.0,kernel_table,64.0,3.0,1.0,128.0,1.0,1.0,254.0,0.0,73728.0,31457280.0,2767776.0,10485760.0,699392.0
a100,NVIDIA A100-SXM4-40GB,math,4096,64,803413.45,793.511415034134,803505.0,801761.0,805601.0,14.0,kernel_table,512.0,1.0,1.0,128.0,1.0,1.0,32.0,0.0,0.0,31457280.0,2765760.0,10485760.0,697825.0
a100,NVIDIA A100-SXM4-40GB,mea,4096,64,252256.1,70.4638018305928,252256.0,252096.0,252416.0,1.0,kernel_table,64.0,1.0,1.0,32.0,4.0,1.0,128.0,0.0,18944.0,31457280.0,2769152.0,10485760.0,700064.0
a100,NVIDIA A100-SXM4-40GB,cudnn,512,128,19430.4,39.67021950770469,19424.0,19360.0,19552.0,1.0,kernel_table,8.0,1.0,1.0,128.0,1.0,1.0,203.0,0.0,40960.0,7864320.0,853664.0,2621440.0,165824.0
a100,NVIDIA A100-SXM4-40GB,flash,512,128,18107.2,64.2311614815049,18080.0,18048.0,18304.0,2.0,kernel_table,8.0,4.0,1.0,128.0,1.0,1.0,240.0,0.0,81920.0,7864320.0,852896.0,2621440.0,165216.0
a100,NVIDIA A100-SXM4-40GB,math,512,128,91767.95,185.91012967503806,91776.0,91456.0,92128.0,15.0,kernel_table,128.0,1.0,1.0,128.0,1.0,1.0,32.0,0.0,0.0,7864320.0,851488.0,2621440.0,163264.0
a100,NVIDIA A100-SXM4-40GB,mea,512,128,32380.8,55.81322235343239,32368.0,32320.0,32576.0,1.0,kernel_table,8.0,1.0,1.0,32.0,8.0,1.0,124.0,0.0,52224.0,7864320.0,853152.0,2621440.0,165280.0
a100,NVIDIA A100-SXM4-40GB,cudnn,512,64,20449.6,56.36572306679039,20448.0,20416.0,20672.0,1.0,kernel_table,4.0,1.0,1.0,128.0,1.0,1.0,233.0,0.0,40960.0,3932160.0,473632.0,1310720.0,103488.0
a100,NVIDIA A100-SXM4-40GB,flash,512,64,17409.6,56.36572306679039,17408.0,17312.0,17600.0,2.0,kernel_table,8.0,2.0,1.0,128.0,1.0,1.0,254.0,0.0,73728.0,3932160.0,475072.0,1310720.0,103168.0
a100,NVIDIA A100-SXM4-40GB,math,512,64,84256.05,123.43183714525452,84240.0,84032.0,84609.0,15.0,kernel_table,64.0,1.0,1.0,128.0,1.0,1.0,32.0,0.0,0.0,3932160.0,471680.0,1310720.0,101664.0
a100,NVIDIA A100-SXM4-40GB,mea,512,64,36036.75,46.75453819796815,36032.0,35968.0,36192.0,1.0,kernel_table,8.0,1.0,1.0,32.0,4.0,1.0,128.0,0.0,18944.0,3932160.0,475520.0,1310720.0,103520.0
a100,NVIDIA A100-SXM4-40GB,cudnn,8192,128,377510.5,402.09903205422836,377440.0,376896.0,378241.0,1.0,kernel_table,128.0,1.0,1.0,128.0,1.0,1.0,203.0,0.0,40960.0,125829120.0,18156707.0,41943040.0,3109504.0
a100,NVIDIA A100-SXM4-40GB,flash,8192,128,273736.15,745.0186345249854,273632.5,272640.0,275808.0,2.0,kernel_table,128.0,3.0,1.0,128.0,1.0,1.0,240.0,0.0,81920.0,125829120.0,18079271.0,41943040.0,3109409.0
a100,NVIDIA A100-SXM4-40GB,math,8192,128,4359132.8,2167.7659273522763,4359361.0,4354690.0,4364482.0,14.0,kernel_table,2048.0,1.0,1.0,128.0,1.0,1.0,32.0,0.0,0.0,125829120.0,18010631.0,41943040.0,3110721.0
a100,NVIDIA A100-SXM4-40GB,mea,8192,128,737929.9,1177.2488401263972,737872.5,736065.0,740033.0,1.0,kernel_table,128.0,1.0,1.0,32.0,8.0,1.0,124.0,0.0,52224.0,125829120.0,18079429.0,41943040.0,3108641.0
a100,NVIDIA A100-SXM4-40GB,cudnn,8192,64,237291.3,55.18590590473547,237280.0,237248.0,237504.0,1.0,kernel_table,64.0,1.0,1.0,128.0,1.0,1.0,233.0,0.0,40960.0,62914560.0,5309060.0,20971520.0,1487872.0
a100,NVIDIA A100-SXM4-40GB,flash,8192,64,164091.25,450.88904866998746,163984.0,163360.0,164960.0,2.0,kernel_table,128.0,3.0,1.0,128.0,1.0,1.0,254.0,0.0,73728.0,62914560.0,5313728.0,20971520.0,1492929.0
a100,NVIDIA A100-SXM4-40GB,math,8192,64,3097987.25,1788.1308051470367,3097586.0,3094434.0,3101665.0,15.0,kernel_table,1024.0,1.0,1.0,128.0,1.0,1.0,32.0,0.0,0.0,62914560.0,5312801.0,20971520.0,1493280.0
a100,NVIDIA A100-SXM4-40GB,mea,8192,64,607584.0,999.4962941928615,607520.0,605888.0,609696.0,1.0,kernel_table,128.0,1.0,1.0,32.0,4.0,1.0,128.0,0.0,18944.0,62914560.0,5313664.0,20971520.0,1492896.0
g4,NVIDIA RTX PRO 6000 Blackwell Server Edition,cudnn,1024,128,26131.15,119.01935932753477,26112.0,25952.0,26400.0,1.0,kernel_table,16.0,1.0,1.0,128.0,1.0,1.0,192.0,0.0,40960.0,15728640.0,356832.0,5242880.0,102656.0
g4,NVIDIA RTX PRO 6000 Blackwell Server Edition,flash,1024,128,12918.4,64.91970749358495,12912.0,12800.0,13088.0,2.0,kernel_table,16.0,8.0,1.0,128.0,1.0,1.0,204.0,0.0,81920.0,15728640.0,355614.0,5242880.0,101088.0
g4,NVIDIA RTX PRO 6000 Blackwell Server Edition,math,1024,128,72844.8,339.35567430678174,72880.0,72128.0,73280.0,15.0,kernel_table,256.0,1.0,1.0,128.0,1.0,1.0,32.0,0.0,0.0,15728640.0,358688.0,5242880.0,108320.0
g4,NVIDIA RTX PRO 6000 Blackwell Server Edition,mea,1024,128,61239.75,437.5349459727399,61216.0,60575.0,61952.0,1.0,kernel_table,16.0,1.0,1.0,32.0,8.0,1.0,122.0,0.0,52224.0,15728640.0,357023.0,5242880.0,101216.0
g4,NVIDIA RTX PRO 6000 Blackwell Server Edition,cudnn,1024,64,26028.65,38.0598904774816,26016.0,25983.0,26144.0,1.0,kernel_table,8.0,1.0,1.0,128.0,1.0,1.0,247.0,0.0,40960.0,7864320.0,217568.0,2621440.0,55392.0
g4,NVIDIA RTX PRO 6000 Blackwell Server Edition,flash,1024,64,10568.0,43.89461062710618,10560.0,10496.0,10656.0,2.0,kernel_table,16.0,4.0,1.0,128.0,1.0,1.0,236.0,0.0,73728.0,7864320.0,217504.0,2621440.0,55104.0
g4,NVIDIA RTX PRO 6000 Blackwell Server Edition,math,1024,64,62416.0,182.9443401118148,62368.0,62080.0,62688.0,15.0,kernel_table,128.0,1.0,1.0,128.0,1.0,1.0,32.0,0.0,0.0,7864320.0,218208.0,2621440.0,55392.0
g4,NVIDIA RTX PRO 6000 Blackwell Server Edition,mea,1024,64,53007.75,377.584828391686,52863.5,52544.0,53600.0,1.0,kernel_table,16.0,1.0,1.0,32.0,4.0,1.0,118.0,0.0,18944.0,7864320.0,218176.0,2621440.0,54816.0
g4,NVIDIA RTX PRO 6000 Blackwell Server Edition,cudnn,2048,128,49699.15,379.80123264121914,49456.0,49343.0,50336.0,1.0,kernel_table,32.0,1.0,1.0,128.0,1.0,1.0,192.0,0.0,40960.0,31457280.0,642080.0,10485760.0,200832.0
g4,NVIDIA RTX PRO 6000 Blackwell Server Edition,flash,2048,128,28312.0,152.5419700658771,28336.0,27936.0,28544.0,2.0,kernel_table,32.0,8.0,1.0,128.0,1.0,1.0,204.0,0.0,81920.0,31457280.0,641504.0,10485760.0,202015.0
g4,NVIDIA RTX PRO 6000 Blackwell Server Edition,math,2048,128,171628.7,633.7713434587222,171600.0,170527.0,172960.0,14.0,kernel_table,512.0,1.0,1.0,128.0,1.0,1.0,32.0,0.0,0.0,31457280.0,641952.0,10485760.0,200480.0
g4,NVIDIA RTX PRO 6000 Blackwell Server Edition,mea,2048,128,119286.35,538.0820985099226,119200.0,118624.0,120480.0,1.0,kernel_table,32.0,1.0,1.0,32.0,8.0,1.0,122.0,0.0,52224.0,31457280.0,642523.0,10485760.0,203584.0
g4,NVIDIA RTX PRO 6000 Blackwell Server Edition,cudnn,2048,64,49903.9,272.42090112254795,49872.0,49536.0,50336.0,1.0,kernel_table,16.0,1.0,1.0,128.0,1.0,1.0,247.0,0.0,40960.0,15728640.0,357152.0,5242880.0,102431.0
g4,NVIDIA RTX PRO 6000 Blackwell Server Edition,flash,2048,64,18060.8,176.619007143089,18032.0,17792.0,18400.0,2.0,kernel_table,32.0,8.0,1.0,128.0,1.0,1.0,236.0,0.0,73728.0,15728640.0,355456.0,5242880.0,101088.0
g4,NVIDIA RTX PRO 6000 Blackwell Server Edition,math,2048,64,118543.9,376.28669081461084,118543.5,117600.0,119168.0,15.0,kernel_table,256.0,1.0,1.0,128.0,1.0,1.0,32.0,0.0,0.0,15728640.0,359616.0,5242880.0,106880.0
g4,NVIDIA RTX PRO 6000 Blackwell Server Edition,mea,2048,64,103286.15,306.6244531395986,103199.5,102944.0,103999.0,1.0,kernel_table,32.0,1.0,1.0,32.0,4.0,1.0,118.0,0.0,18944.0,15728640.0,355935.0,5242880.0,102240.0
g4,NVIDIA RTX PRO 6000 Blackwell Server Edition,cudnn,256,128,8484.8,28.00300735729346,8480.0,8448.0,8544.0,1.0,kernel_table,4.0,1.0,1.0,128.0,1.0,1.0,192.0,0.0,40960.0,3932160.0,186880.0,1310720.0,32128.0
g4,NVIDIA RTX PRO 6000 Blackwell Server Edition,flash,256,128,10374.4,52.530091626759884,10368.0,10304.0,10528.0,2.0,kernel_table,4.0,2.0,1.0,128.0,1.0,1.0,204.0,0.0,81920.0,3932160.0,186656.0,1310720.0,31744.0
g4,NVIDIA RTX PRO 6000 Blackwell Server Edition,math,256,128,40188.5,134.98401464812903,40160.0,39968.0,40416.0,16.0,kernel_table,64.0,1.0,1.0,128.0,1.0,1.0,32.0,0.0,0.0,3932160.0,186623.0,1310720.0,32192.0
g4,NVIDIA RTX PRO 6000 Blackwell Server Edition,mea,256,128,17038.4,60.95934797275278,17024.0,16960.0,17184.0,1.0,kernel_table,4.0,1.0,1.0,32.0,8.0,1.0,122.0,0.0,52224.0,3932160.0,186400.0,1310720.0,31488.0
g4,NVIDIA RTX PRO 6000 Blackwell Server Edition,cudnn,256,64,8355.2,41.39870325963058,8352.0,8256.0,8416.0,1.0,kernel_table,2.0,1.0,1.0,128.0,1.0,1.0,247.0,0.0,40960.0,1966080.0,105374.0,655360.0,20351.0
g4,NVIDIA RTX PRO 6000 Blackwell Server Edition,flash,256,64,9235.15,26.30444229042931,9232.0,9184.0,9280.0,1.0,kernel_table,2.0,1.0,1.0,128.0,1.0,1.0,255.0,0.0,49152.0,1966080.0,104959.0,655360.0,20416.0
g4,NVIDIA RTX PRO 6000 Blackwell Server Edition,math,256,64,35873.6,82.7160011249653,35872.0,35744.0,36032.0,15.0,kernel_table,32.0,1.0,1.0,128.0,1.0,1.0,32.0,0.0,0.0,1966080.0,105280.0,655360.0,20448.0
g4,NVIDIA RTX PRO 6000 Blackwell Server Edition,mea,256,64,14713.55,71.55452466476177,14720.0,14592.0,14848.0,1.0,kernel_table,4.0,1.0,1.0,32.0,4.0,1.0,118.0,0.0,18944.0,1966080.0,105280.0,655360.0,20416.0
g4,NVIDIA RTX PRO 6000 Blackwell Server Edition,cudnn,4096,128,97409.45,785.9597200740934,97408.0,96352.0,98464.0,1.0,kernel_table,64.0,1.0,1.0,128.0,1.0,1.0,192.0,0.0,40960.0,62914560.0,1191839.0,20971520.0,382783.0
g4,NVIDIA RTX PRO 6000 Blackwell Server Edition,flash,4096,128,67824.0,293.19294886330044,67792.0,67488.0,68608.0,2.0,kernel_table,64.0,5.0,1.0,128.0,1.0,1.0,204.0,0.0,81920.0,62914560.0,1191296.0,20971520.0,382464.0
g4,NVIDIA RTX PRO 6000 Blackwell Server Edition,math,4096,128,435600.8,663.0711321689321,435583.5,434495.0,437535.0,14.0,kernel_table,1024.0,1.0,1.0,128.0,1.0,1.0,32.0,0.0,0.0,62914560.0,1197566.0,20971520.0,387423.0
g4,NVIDIA RTX PRO 6000 Blackwell Server Edition,mea,4096,128,236663.7,1262.05922373339,236464.0,234912.0,238815.0,1.0,kernel_table,64.0,1.0,1.0,32.0,8.0,1.0,122.0,0.0,52224.0,62914560.0,1192123.0,20971520.0,382591.0
g4,NVIDIA RTX PRO 6000 Blackwell Server Edition,cudnn,4096,64,97340.7,537.4297604044839,97328.0,96576.0,98144.0,1.0,kernel_table,32.0,1.0,1.0,128.0,1.0,1.0,247.0,0.0,40960.0,31457280.0,641375.0,10485760.0,199775.0
g4,NVIDIA RTX PRO 6000 Blackwell Server Edition,flash,4096,64,43883.15,115.78804365145643,43856.0,43712.0,44128.0,2.0,kernel_table,64.0,16.0,1.0,128.0,1.0,1.0,236.0,0.0,73728.0,31457280.0,641887.0,10485760.0,204416.0
g4,NVIDIA RTX PRO 6000 Blackwell Server Edition,math,4096,64,355214.25,724.7111130432739,355183.5,354080.0,356640.0,15.0,kernel_table,512.0,1.0,1.0,128.0,1.0,1.0,32.0,0.0,0.0,31457280.0,651744.0,10485760.0,202816.0
g4,NVIDIA RTX PRO 6000 Blackwell Server Edition,mea,4096,64,204399.25,1077.20739707625,203951.0,203168.0,206208.0,1.0,kernel_table,64.0,1.0,1.0,32.0,4.0,1.0,118.0,0.0,18944.0,31457280.0,642623.0,10485760.0,202399.0
g4,NVIDIA RTX PRO 6000 Blackwell Server Edition,cudnn,512,128,14300.7,23.04252361910132,14304.0,14271.0,14336.0,1.0,kernel_table,8.0,1.0,1.0,128.0,1.0,1.0,192.0,0.0,40960.0,7864320.0,219102.0,2621440.0,55680.0
g4,NVIDIA RTX PRO 6000 Blackwell Server Edition,flash,512,128,11113.6,78.45239924545596,11088.0,11008.0,11264.0,2.0,kernel_table,8.0,4.0,1.0,128.0,1.0,1.0,204.0,0.0,81920.0,7864320.0,216896.0,2621440.0,54592.0
g4,NVIDIA RTX PRO 6000 Blackwell Server Edition,math,512,128,44115.05,174.6998855179934,44128.0,43840.0,44384.0,15.0,kernel_table,128.0,1.0,1.0,128.0,1.0,1.0,32.0,0.0,0.0,7864320.0,217472.0,2621440.0,54976.0
g4,NVIDIA RTX PRO 6000 Blackwell Server Edition,mea,512,128,31649.55,40.92673170949584,31648.0,31583.0,31712.0,1.0,kernel_table,8.0,1.0,1.0,32.0,8.0,1.0,122.0,0.0,52224.0,7864320.0,217312.0,2621440.0,54720.0
g4,NVIDIA RTX PRO 6000 Blackwell Server Edition,cudnn,512,64,14278.4,41.006289633099996,14272.0,14240.0,14368.0,1.0,kernel_table,4.0,1.0,1.0,128.0,1.0,1.0,247.0,0.0,40960.0,3932160.0,186816.0,1310720.0,32256.0
g4,NVIDIA RTX PRO 6000 Blackwell Server Edition,flash,512,64,9838.4,73.02659933562781,9824.0,9728.0,10016.0,2.0,kernel_table,8.0,2.0,1.0,128.0,1.0,1.0,236.0,0.0,73728.0,3932160.0,186592.0,1310720.0,31776.0
g4,NVIDIA RTX PRO 6000 Blackwell Server Edition,math,512,64,42097.5,138.64095999910592,42096.0,41856.0,42336.0,15.0,kernel_table,64.0,1.0,1.0,128.0,1.0,1.0,32.0,0.0,0.0,3932160.0,186848.0,1310720.0,32480.0
g4,NVIDIA RTX PRO 6000 Blackwell Server Edition,mea,512,64,27446.35,57.94850254638528,27456.0,27328.0,27552.0,1.0,kernel_table,8.0,1.0,1.0,32.0,4.0,1.0,118.0,0.0,18944.0,3932160.0,186720.0,1310720.0,31840.0
g4,NVIDIA RTX PRO 6000 Blackwell Server Edition,cudnn,8192,128,194418.75,1028.3595968951306,194176.0,192832.0,196256.0,1.0,kernel_table,128.0,1.0,1.0,128.0,1.0,1.0,192.0,0.0,40960.0,125829120.0,2865978.0,41943040.0,772991.0
g4,NVIDIA RTX PRO 6000 Blackwell Server Edition,flash,8192,128,213261.95,872.0585732983524,213471.5,212064.0,214528.0,2.0,kernel_table,128.0,5.0,1.0,128.0,1.0,1.0,204.0,0.0,81920.0,125829120.0,2850141.0,41943040.0,776640.0
g4,NVIDIA RTX PRO 6000 Blackwell Server Edition,math,8192,128,2075621.25,3221.3939917371176,2076106.0,2068090.0,2081530.0,14.0,kernel_table,2048.0,1.0,1.0,128.0,1.0,1.0,32.0,0.0,0.0,125829120.0,2833879.0,41943040.0,777152.0
g4,NVIDIA RTX PRO 6000 Blackwell Server Edition,mea,8192,128,473511.55,1576.4769006937756,473295.5,471456.0,477727.0,1.0,kernel_table,128.0,1.0,1.0,32.0,8.0,1.0,122.0,0.0,52224.0,125829120.0,2843580.0,41943040.0,769599.0
g4,NVIDIA RTX PRO 6000 Blackwell Server Edition,cudnn,8192,64,192527.7,908.262082510503,192416.0,190975.0,194335.0,1.0,kernel_table,64.0,1.0,1.0,128.0,1.0,1.0,247.0,0.0,40960.0,62914560.0,1192444.0,20971520.0,381280.0
g4,NVIDIA RTX PRO 6000 Blackwell Server Edition,flash,8192,64,101399.75,335.55764662800686,101296.0,100992.0,102112.0,2.0,kernel_table,128.0,5.0,1.0,128.0,1.0,1.0,236.0,0.0,73728.0,62914560.0,1191840.0,20971520.0,386495.0
g4,NVIDIA RTX PRO 6000 Blackwell Server Edition,math,8192,64,1806736.15,3799.799873885327,1807117.0,1800573.0,1812797.0,14.0,kernel_table,1024.0,1.0,1.0,128.0,1.0,1.0,32.0,0.0,0.0,62914560.0,1199678.0,20971520.0,387392.0
g4,NVIDIA RTX PRO 6000 Blackwell Server Edition,mea,8192,64,407830.05,1960.9356916640854,407520.0,405056.0,411360.0,1.0,kernel_table,128.0,1.0,1.0,32.0,4.0,1.0,118.0,0.0,18944.0,62914560.0,1191903.0,20971520.0,382495.0
h100,NVIDIA H100 80GB HBM3,cudnn,1024,128,25294.0,51.31943306902674,25311.0,25184.0,25376.0,1.0,kernel_table,8.0,1.0,1.0,384.0,1.0,1.0,168.0,0.0,230400.0,15728640.0,693975.0,5242880.0,217854.0
h100,NVIDIA H100 80GB HBM3,flash,1024,128,17998.15,38.124829594097164,17984.0,17952.0,18112.0,2.0,kernel_table,16.0,8.0,1.0,128.0,1.0,1.0,244.0,0.0,81920.0,15728640.0,699540.0,5242880.0,214428.0
h100,NVIDIA H100 80GB HBM3,flash3,1024,128,27679.75,103.74151835971433,27648.0,27456.0,27872.0,1.0,kernel_table,132.0,1.0,1.0,384.0,1.0,1.0,168.0,0.0,216064.0,15728640.0,694396.0,5242880.0,207038.0
h100,NVIDIA H100 80GB HBM3,math,1024,128,114525.2,202.82831734200593,114478.0,114272.0,114942.0,15.0,kernel_table,256.0,1.0,1.0,128.0,1.0,1.0,32.0,0.0,0.0,15728640.0,700311.0,5242880.0,214653.0
h100,NVIDIA H100 80GB HBM3,mea,1024,128,61538.4,84.9708309083956,61503.0,61407.0,61695.0,1.0,kernel_table,16.0,1.0,1.0,32.0,8.0,1.0,128.0,0.0,52224.0,15728640.0,694551.0,5242880.0,214398.0
h100,NVIDIA H100 80GB HBM3,cudnn,1024,64,18478.05,35.27556930049016,18464.0,18431.0,18560.0,1.0,kernel_table,8.0,1.0,1.0,384.0,1.0,1.0,168.0,0.0,230400.0,7864320.0,410173.0,2621440.0,126239.0
h100,NVIDIA H100 80GB HBM3,flash,1024,64,16548.5,73.68246238527792,16575.0,16416.0,16672.0,2.0,kernel_table,16.0,4.0,1.0,128.0,1.0,1.0,255.0,0.0,73728.0,7864320.0,409724.0,2621440.0,122271.0
h100,NVIDIA H100 80GB HBM3,flash3,1024,64,29847.5,149.75154862568024,29871.5,29535.0,30112.0,1.0,kernel_table,132.0,1.0,1.0,512.0,1.0,1.0,128.0,0.0,199680.0,7864320.0,409503.0,2621440.0,121792.0
h100,NVIDIA H100 80GB HBM3,math,1024,64,98300.8,244.80036979676234,98287.0,97791.0,98783.0,15.0,kernel_table,128.0,1.0,1.0,128.0,1.0,1.0,32.0,0.0,0.0,7864320.0,409240.0,2621440.0,123871.0
h100,NVIDIA H100 80GB HBM3,mea,1024,64,65978.3,34.829056230319196,65983.0,65919.0,66079.0,1.0,kernel_table,16.0,1.0,1.0,32.0,4.0,1.0,128.0,0.0,18944.0,7864320.0,409913.0,2621440.0,122367.0
h100,NVIDIA H100 80GB HBM3,cudnn,2048,128,44767.5,81.27568419955173,44736.0,44671.0,45024.0,1.0,kernel_table,16.0,1.0,1.0,384.0,1.0,1.0,168.0,0.0,230400.0,31457280.0,1275477.0,10485760.0,411639.0
h100,NVIDIA H100 80GB HBM3,flash,2048,128,28282.75,111.43507668498943,28272.0,28096.0,28607.0,2.0,kernel_table,32.0,8.0,1.0,128.0,1.0,1.0,244.0,0.0,81920.0,31457280.0,1276721.0,10485760.0,399931.0
h100,NVIDIA H100 80GB HBM3,flash3,2048,128,45954.9,241.54914504854742,46063.5,45440.0,46240.0,1.0,kernel_table,132.0,1.0,1.0,384.0,1.0,1.0,168.0,0.0,216064.0,31457280.0,1279351.0,10485760.0,396703.0
h100,NVIDIA H100 80GB HBM3,math,2048,128,236337.7,379.6117268445414,236301.0,235677.0,237085.0,15.0,kernel_table,512.0,1.0,1.0,128.0,1.0,1.0,32.0,0.0,0.0,31457280.0,1285674.0,10485760.0,395386.0
h100,NVIDIA H100 80GB HBM3,mea,2048,128,118276.9,599.0821839763679,118366.5,117311.0,119199.0,1.0,kernel_table,32.0,1.0,1.0,32.0,8.0,1.0,128.0,0.0,52224.0,31457280.0,1277328.0,10485760.0,402075.0
h100,NVIDIA H100 80GB HBM3,cudnn,2048,64,31212.45,47.88305380930986,31200.0,31104.0,31327.0,1.0,kernel_table,16.0,1.0,1.0,384.0,1.0,1.0,168.0,0.0,230400.0,15728640.0,694298.0,5242880.0,218267.0
h100,NVIDIA H100 80GB HBM3,flash,2048,64,21257.2,149.6738911240385,21295.5,20736.0,21408.0,2.0,kernel_table,32.0,8.0,1.0,128.0,1.0,1.0,255.0,0.0,73728.0,15728640.0,699894.0,5242880.0,218044.0
h100,NVIDIA H100 80GB HBM3,flash3,2048,64,47209.2,285.51958177846114,47311.0,46591.0,47616.0,1.0,kernel_table,132.0,1.0,1.0,512.0,1.0,1.0,128.0,0.0,199680.0,15728640.0,694298.0,5242880.0,215776.0
h100,NVIDIA H100 80GB HBM3,math,2048,64,197450.6,485.38551146160313,197341.5,196605.0,198430.0,15.0,kernel_table,256.0,1.0,1.0,128.0,1.0,1.0,32.0,0.0,0.0,15728640.0,701656.0,5242880.0,213629.0
h100,NVIDIA H100 80GB HBM3,mea,2048,64,127092.85,62.56220062760277,127070.5,127038.0,127295.0,1.0,kernel_table,32.0,1.0,1.0,32.0,4.0,1.0,128.0,0.0,18944.0,15728640.0,694553.0,5242880.0,216668.0
h100,NVIDIA H100 80GB HBM3,cudnn,256,128,10454.25,23.384373999926126,10463.0,10432.0,10496.0,1.0,kernel_table,2.0,1.0,1.0,384.0,1.0,1.0,168.0,0.0,230400.0,3932160.0,367516.0,1310720.0,74464.0
h100,NVIDIA H100 80GB HBM3,flash,256,128,14268.65,102.73792668215263,14271.5,14080.0,14528.0,2.0,kernel_table,4.0,2.0,1.0,128.0,1.0,1.0,244.0,0.0,81920.0,3932160.0,366874.0,1310720.0,75072.0
h100,NVIDIA H100 80GB HBM3,flash3,256,128,15750.35,52.440718410109724,15744.0,15648.0,15840.0,1.0,kernel_table,132.0,1.0,1.0,384.0,1.0,1.0,168.0,0.0,216064.0,3932160.0,372893.0,1310720.0,73088.0
h100,NVIDIA H100 80GB HBM3,math,256,128,61424.6,243.3337322755682,61439.0,60927.0,61887.0,15.0,kernel_table,64.0,1.0,1.0,128.0,1.0,1.0,32.0,0.0,0.0,3932160.0,371260.0,1310720.0,73856.0
h100,NVIDIA H100 80GB HBM3,mea,256,128,17705.35,140.13237163106666,17664.0,17568.0,17984.0,1.0,kernel_table,4.0,1.0,1.0,32.0,8.0,1.0,128.0,0.0,52224.0,3932160.0,366684.0,1310720.0,75102.0
h100,NVIDIA H100 80GB HBM3,cudnn,256,64,9108.75,41.91077615476403,9120.0,8992.0,9152.0,1.0,kernel_table,2.0,1.0,1.0,384.0,1.0,1.0,168.0,0.0,230400.0,1966080.0,214490.0,655360.0,48958.0
h100,NVIDIA H100 80GB HBM3,flash,256,64,12874.9,105.01473580808602,12911.5,12576.0,13056.0,1.0,kernel_table,2.0,1.0,1.0,128.0,1.0,1.0,255.0,0.0,49152.0,1966080.0,215037.0,655360.0,48575.0
h100,NVIDIA H100 80GB HBM3,flash3,256,64,16252.7,62.17471139331573,16256.0,16160.0,16384.0,1.0,kernel_table,132.0,1.0,1.0,512.0,1.0,1.0,128.0,0.0,199680.0,1966080.0,217983.0,655360.0,48608.0
h100,NVIDIA H100 80GB HBM3,math,256,64,54088.75,158.64156055977924,54095.0,53854.0,54368.0,15.0,kernel_table,32.0,1.0,1.0,128.0,1.0,1.0,32.0,0.0,0.0,1966080.0,212576.0,655360.0,48800.0
h100,NVIDIA H100 80GB HBM3,mea,256,64,19313.35,46.8999775558245,19327.5,19232.0,19391.0,1.0,kernel_table,4.0,1.0,1.0,32.0,4.0,1.0,128.0,0.0,18944.0,1966080.0,217021.0,655360.0,48672.0
h100,NVIDIA H100 80GB HBM3,cudnn,4096,128,84058.2,101.339242671648,84047.0,83935.0,84287.0,1.0,kernel_table,32.0,1.0,1.0,384.0,1.0,1.0,168.0,0.0,230400.0,62914560.0,2414628.0,20971520.0,770996.0
h100,NVIDIA H100 80GB HBM3,flash,4096,128,61452.0,171.67165722604545,61455.0,61120.0,61759.0,2.0,kernel_table,64.0,4.0,1.0,128.0,1.0,1.0,244.0,0.0,81920.0,62914560.0,2409855.0,20971520.0,777811.0
h100,NVIDIA H100 80GB HBM3,flash3,4096,128,81884.1,226.29252144770024,81871.0,81151.0,82175.0,1.0,kernel_table,132.0,1.0,1.0,384.0,1.0,1.0,168.0,0.0,216064.0,62914560.0,2415374.0,20971520.0,781598.0
h100,NVIDIA H100 80GB HBM3,math,4096,128,709272.2,849.2695685116711,709191.0,707703.0,711030.0,15.0,kernel_table,1024.0,1.0,1.0,128.0,1.0,1.0,32.0,0.0,0.0,62914560.0,2416252.0,20971520.0,779701.0
h100,NVIDIA H100 80GB HBM3,mea,4096,128,225005.15,223.27355772448146,224941.0,224797.0,225693.0,1.0,kernel_table,64.0,1.0,1.0,32.0,8.0,1.0,128.0,0.0,52224.0,62914560.0,2409251.0,20971520.0,777877.0
h100,NVIDIA H100 80GB HBM3,cudnn,4096,64,56269.6,40.72811003923974,56255.0,56223.0,56383.0,1.0,kernel_table,32.0,1.0,1.0,384.0,1.0,1.0,168.0,0.0,230400.0,31457280.0,1276310.0,10485760.0,406588.0
h100,NVIDIA H100 80GB HBM3,flash,4096,64,39626.6,159.79012551007747,39647.5,39072.0,39871.0,2.0,kernel_table,64.0,4.0,1.0,128.0,1.0,1.0,255.0,0.0,73728.0,31457280.0,1274733.0,10485760.0,398844.0
h100,NVIDIA H100 80GB HBM3,flash3,4096,64,84564.45,751.0529783682305,84735.5,83231.0,85792.0,1.0,kernel_table,132.0,1.0,1.0,512.0,1.0,1.0,128.0,0.0,199680.0,31457280.0,1278936.0,10485760.0,398781.0
h100,NVIDIA H100 80GB HBM3,math,4096,64,543708.85,928.0212267876318,544074.0,542202.0,545275.0,15.0,kernel_table,512.0,1.0,1.0,128.0,1.0,1.0,32.0,0.0,0.0,31457280.0,1284269.0,10485760.0,394173.0
h100,NVIDIA H100 80GB HBM3,mea,4096,64,248094.5,87.12151223857884,248109.0,247933.0,248221.0,1.0,kernel_table,64.0,1.0,1.0,32.0,4.0,1.0,128.0,0.0,18944.0,31457280.0,1275636.0,10485760.0,401977.0
h100,NVIDIA H100 80GB HBM3,cudnn,512,128,15342.05,44.44449524850898,15343.5,15264.0,15423.0,1.0,kernel_table,4.0,1.0,1.0,384.0,1.0,1.0,168.0,0.0,230400.0,7864320.0,410648.0,2621440.0,126333.0
h100,NVIDIA H100 80GB HBM3,flash,512,128,15636.65,28.12242970711419,15648.0,15583.0,15680.0,2.0,kernel_table,8.0,4.0,1.0,128.0,1.0,1.0,244.0,0.0,81920.0,7864320.0,412635.0,2621440.0,122206.0
h100,NVIDIA H100 80GB HBM3,flash3,512,128,18710.4,93.49719950773644,18720.0,18528.0,18848.0,1.0,kernel_table,132.0,1.0,1.0,384.0,1.0,1.0,168.0,0.0,216064.0,7864320.0,409023.0,2621440.0,121758.0
h100,NVIDIA H100 80GB HBM3,math,512,128,67706.25,169.26897779009968,67663.0,67424.0,68191.0,15.0,kernel_table,128.0,1.0,1.0,128.0,1.0,1.0,32.0,0.0,0.0,7864320.0,410299.0,2621440.0,119711.0
h100,NVIDIA H100 80GB HBM3,mea,512,128,31535.7,199.93317304592182,31488.0,31327.0,32064.0,1.0,kernel_table,8.0,1.0,1.0,32.0,8.0,1.0,128.0,0.0,52224.0,7864320.0,410300.0,2621440.0,122429.0
h100,NVIDIA H100 80GB HBM3,cudnn,512,64,12230.2,39.7910331078432,12224.0,12160.0,12320.0,1.0,kernel_table,4.0,1.0,1.0,384.0,1.0,1.0,168.0,0.0,230400.0,3932160.0,372283.0,1310720.0,74783.0
h100,NVIDIA H100 80GB HBM3,flash,512,64,14772.45,74.53820991170976,14783.5,14591.0,14880.0,2.0,kernel_table,8.0,2.0,1.0,128.0,1.0,1.0,255.0,0.0,73728.0,3932160.0,370235.0,1310720.0,75039.0
h100,NVIDIA H100 80GB HBM3,flash3,512,64,19519.85,119.66324458773111,19520.0,19232.0,19776.0,1.0,kernel_table,132.0,1.0,1.0,512.0,1.0,1.0,128.0,0.0,199680.0,3932160.0,374077.0,1310720.0,73246.0
h100,NVIDIA H100 80GB HBM3,math,512,64,68508.0,170.5505018585713,68463.5,68287.0,68895.0,15.0,kernel_table,64.0,1.0,1.0,128.0,1.0,1.0,32.0,0.0,0.0,3932160.0,369241.0,1310720.0,74462.0
h100,NVIDIA H100 80GB HBM3,mea,512,64,34690.9,85.58338500826947,34687.0,34560.0,34816.0,1.0,kernel_table,8.0,1.0,1.0,32.0,4.0,1.0,128.0,0.0,18944.0,3932160.0,366205.0,1310720.0,75488.0
h100,NVIDIA H100 80GB HBM3,cudnn,8192,128,162379.0,103.01149654797095,162366.0,162238.0,162558.0,1.0,kernel_table,64.0,1.0,1.0,384.0,1.0,1.0,168.0,0.0,230400.0,125829120.0,6660211.0,41943040.0,1559535.0
h100,NVIDIA H100 80GB HBM3,flash,8192,128,196728.5,263.7623531654365,196701.0,196317.0,197245.0,2.0,kernel_table,128.0,2.0,1.0,128.0,1.0,1.0,244.0,0.0,81920.0,125829120.0,6648481.0,41943040.0,1545163.0
h100,NVIDIA H100 80GB HBM3,flash3,8192,128,151359.0,253.46109428428946,151391.0,150815.0,151839.0,1.0,kernel_table,132.0,1.0,1.0,384.0,1.0,1.0,168.0,0.0,216064.0,125829120.0,6516436.0,41943040.0,1566198.0
h100,NVIDIA H100 80GB HBM3,math,8192,128,2716018.65,1306.2181358490827,2715998.5,2712766.0,2717951.0,15.0,kernel_table,2048.0,1.0,1.0,128.0,1.0,1.0,32.0,0.0,0.0,125829120.0,6569803.0,41943040.0,1533900.0
h100,NVIDIA H100 80GB HBM3,mea,8192,128,445850.4,377.3015546719822,445962.5,444954.0,446330.0,1.0,kernel_table,128.0,1.0,1.0,32.0,8.0,1.0,128.0,0.0,52224.0,125829120.0,6609614.0,41943040.0,1555469.0
h100,NVIDIA H100 80GB HBM3,cudnn,8192,64,106885.1,132.8738618310416,106911.0,106526.0,107166.0,1.0,kernel_table,64.0,1.0,1.0,384.0,1.0,1.0,168.0,0.0,230400.0,62914560.0,2410752.0,20971520.0,771288.0
h100,NVIDIA H100 80GB HBM3,flash,8192,64,114133.05,149.08191849132015,114142.0,113695.0,114367.0,2.0,kernel_table,128.0,2.0,1.0,128.0,1.0,1.0,255.0,0.0,73728.0,62914560.0,2409248.0,20971520.0,770485.0
h100,NVIDIA H100 80GB HBM3,flash3,8192,64,154648.55,1201.4868190353939,154527.0,153215.0,157471.0,1.0,kernel_table,132.0,1.0,1.0,512.0,1.0,1.0,128.0,0.0,199680.0,62914560.0,2420110.0,20971520.0,779422.0
h100,NVIDIA H100 80GB HBM3,math,8192,64,2077708.35,3156.2832451610248,2077846.5,2071974.0,2084519.0,14.0,kernel_table,1024.0,1.0,1.0,128.0,1.0,1.0,32.0,0.0,0.0,62914560.0,2410564.0,20971520.0,772341.0
h100,NVIDIA H100 80GB HBM3,mea,8192,64,471910.85,2990.6945729959402,472938.0,466299.0,478522.0,1.0,kernel_table,128.0,1.0,1.0,32.0,4.0,1.0,128.0,0.0,18944.0,62914560.0,2410656.0,20971520.0,776759.0
l4,NVIDIA L4,cudnn,1024,128,60649.35,286.3388267144547,60592.0,60159.0,61344.0,1.0,kernel_table,16.0,1.0,1.0,128.0,1.0,1.0,203.0,0.0,40960.0,15728640.0,1440829.0,5242880.0,426653.0
l4,NVIDIA L4,flash,1024,128,53329.4,279.9064505377316,53328.0,52832.0,53823.0,2.0,kernel_table,16.0,4.0,1.0,128.0,1.0,1.0,240.0,0.0,81920.0,15728640.0,1446622.0,5242880.0,430944.0
l4,NVIDIA L4,math,1024,128,233249.25,1090.2076999119793,233600.0,231008.0,235007.0,15.0,kernel_table,256.0,1.0,1.0,128.0,1.0,1.0,32.0,0.0,0.0,15728640.0,1447035.0,5242880.0,431518.0
l4,NVIDIA L4,mea,1024,128,96702.1,1323.156628354291,97072.0,91904.0,98528.0,1.0,kernel_table,16.0,1.0,1.0,32.0,8.0,1.0,124.0,0.0,52224.0,15728640.0,1443803.0,5242880.0,427456.0
l4,NVIDIA L4,cudnn,1024,64,60118.35,319.98376192353396,60096.0,59456.0,60640.0,1.0,kernel_table,8.0,1.0,1.0,128.0,1.0,1.0,233.0,0.0,40960.0,7864320.0,806910.0,2621440.0,228928.0
l4,NVIDIA L4,flash,1024,64,36145.55,260.0454363132882,36128.0,35648.0,36928.0,2.0,kernel_table,16.0,4.0,1.0,128.0,1.0,1.0,254.0,0.0,73728.0,7864320.0,805214.0,2621440.0,231198.0
l4,NVIDIA L4,math,1024,64,189357.85,521.2009689169812,189455.5,188288.0,190303.0,15.0,kernel_table,128.0,1.0,1.0,128.0,1.0,1.0,32.0,0.0,0.0,7864320.0,803069.0,2621440.0,228447.0
l4,NVIDIA L4,mea,1024,64,96659.1,614.6671242910348,96832.0,95583.0,98144.0,1.0,kernel_table,16.0,1.0,1.0,32.0,4.0,1.0,128.0,0.0,18944.0,7864320.0,801566.0,2621440.0,229152.0
l4,NVIDIA L4,cudnn,2048,128,112833.45,900.1190842269003,112991.5,111648.0,114592.0,1.0,kernel_table,32.0,1.0,1.0,128.0,1.0,1.0,203.0,0.0,40960.0,31457280.0,2739741.0,10485760.0,834079.0
l4,NVIDIA L4,flash,2048,128,108329.3,652.2564962053696,108431.5,105920.0,109183.0,2.0,kernel_table,32.0,3.0,1.0,128.0,1.0,1.0,240.0,0.0,81920.0,31457280.0,2736503.0,10485760.0,838142.0
l4,NVIDIA L4,math,2048,128,577499.9,1409.0976918805727,577311.0,574815.0,579679.0,14.0,kernel_table,512.0,1.0,1.0,128.0,1.0,1.0,32.0,0.0,0.0,31457280.0,2738588.0,10485760.0,839328.0
l4,NVIDIA L4,mea,2048,128,189231.7,1268.985591556873,189344.0,186880.0,191199.0,1.0,kernel_table,32.0,1.0,1.0,32.0,8.0,1.0,124.0,0.0,52224.0,31457280.0,2730072.0,10485760.0,835774.0
l4,NVIDIA L4,cudnn,2048,64,112361.4,1032.8832613509367,112352.0,111008.0,113824.0,1.0,kernel_table,16.0,1.0,1.0,128.0,1.0,1.0,233.0,0.0,40960.0,15728640.0,1445757.0,5242880.0,426784.0
l4,NVIDIA L4,flash,2048,64,65734.2,551.5392432475727,65792.0,63935.0,66335.0,2.0,kernel_table,32.0,3.0,1.0,128.0,1.0,1.0,254.0,0.0,73728.0,15728640.0,1472636.0,5242880.0,427197.0
l4,NVIDIA L4,math,2048,64,468443.45,1284.6418495358726,468783.0,466048.0,470367.0,15.0,kernel_table,256.0,1.0,1.0,128.0,1.0,1.0,32.0,0.0,0.0,15728640.0,1488509.0,5242880.0,433312.0
l4,NVIDIA L4,mea,2048,64,188239.6,892.0610316623668,188783.5,186496.0,189247.0,1.0,kernel_table,32.0,1.0,1.0,32.0,4.0,1.0,128.0,0.0,18944.0,15728640.0,1448286.0,5242880.0,430048.0
l4,NVIDIA L4,cudnn,256,128,20769.45,61.760552049618894,20736.0,20704.0,20960.0,1.0,kernel_table,4.0,1.0,1.0,128.0,1.0,1.0,203.0,0.0,40960.0,3932160.0,457822.0,1310720.0,129280.0
l4,NVIDIA L4,flash,256,128,22854.35,120.45408603324864,22848.0,22528.0,23232.0,2.0,kernel_table,4.0,2.0,1.0,128.0,1.0,1.0,240.0,0.0,81920.0,3932160.0,454752.0,1310720.0,128416.0
l4,NVIDIA L4,math,256,128,86873.35,409.59135925816037,87024.0,86016.0,87392.0,15.0,kernel_table,64.0,1.0,1.0,128.0,1.0,1.0,32.0,0.0,0.0,3932160.0,455518.0,1310720.0,131135.0
l4,NVIDIA L4,mea,256,128,28459.15,76.38494960603032,28448.0,28352.0,28640.0,1.0,kernel_table,4.0,1.0,1.0,32.0,8.0,1.0,124.0,0.0,52224.0,3932160.0,452767.0,1310720.0,128992.0
l4,NVIDIA L4,cudnn,256,64,20299.2,215.60822169657146,20336.0,19520.0,20576.0,1.0,kernel_table,2.0,1.0,1.0,128.0,1.0,1.0,233.0,0.0,40960.0,1966080.0,285184.0,655360.0,79584.0
l4,NVIDIA L4,flash,256,64,21299.2,88.94800373488462,21280.0,21184.0,21504.0,1.0,kernel_table,2.0,1.0,1.0,128.0,1.0,1.0,255.0,0.0,49152.0,1966080.0,266783.0,655360.0,79744.0
l4,NVIDIA L4,math,256,64,75889.2,344.8445263715535,75952.0,75328.0,76384.0,15.0,kernel_table,32.0,1.0,1.0,128.0,1.0,1.0,32.0,0.0,0.0,1966080.0,272223.0,655360.0,81312.0
l4,NVIDIA L4,mea,256,64,28185.45,90.2233923454211,28191.5,28032.0,28384.0,1.0,kernel_table,4.0,1.0,1.0,32.0,4.0,1.0,128.0,0.0,18944.0,1966080.0,272512.0,655360.0,80223.0
l4,NVIDIA L4,cudnn,4096,128,391911.2,2434.7201200872955,391711.5,387167.0,397599.0,1.0,kernel_table,64.0,1.0,1.0,128.0,1.0,1.0,203.0,0.0,40960.0,62914560.0,5297268.0,20971520.0,1626076.0
l4,NVIDIA L4,flash,4096,128,307823.3,1662.5966406418856,308111.0,304320.0,310783.0,2.0,kernel_table,64.0,5.0,1.0,128.0,1.0,1.0,240.0,0.0,81920.0,62914560.0,5364049.0,20971520.0,1622462.0
l4,NVIDIA L4,math,4096,128,3185124.8,9681.906845679785,3185769.5,3165786.0,3213210.0,14.0,kernel_table,1024.0,1.0,1.0,128.0,1.0,1.0,32.0,0.0,0.0,62914560.0,5376822.0,20971520.0,1624862.0
l4,NVIDIA L4,mea,4096,128,727713.75,4736.138610113784,728718.5,719070.0,737471.0,1.0,kernel_table,64.0,1.0,1.0,32.0,8.0,1.0,124.0,0.0,52224.0,62914560.0,5329974.0,20971520.0,1621531.0
l4,NVIDIA L4,cudnn,4096,64,216612.3,1787.2741992089223,216783.0,212223.0,219071.0,1.0,kernel_table,32.0,1.0,1.0,128.0,1.0,1.0,233.0,0.0,40960.0,31457280.0,2746393.0,10485760.0,834137.0
l4,NVIDIA L4,flash,4096,64,200975.6,1341.7061565507986,201295.0,197312.0,202495.0,2.0,kernel_table,64.0,8.0,1.0,128.0,1.0,1.0,254.0,0.0,73728.0,31457280.0,2789276.0,10485760.0,835294.0
l4,NVIDIA L4,math,4096,64,2738175.8,12263.617366228578,2735387.0,2722843.0,2765691.0,14.0,kernel_table,512.0,1.0,1.0,128.0,1.0,1.0,32.0,0.0,0.0,31457280.0,2745818.0,10485760.0,837759.0
l4,NVIDIA L4,mea,4096,64,452138.05,4486.951707891157,452895.0,444287.0,462239.0,1.0,kernel_table,64.0,1.0,1.0,32.0,4.0,1.0,128.0,0.0,18944.0,31457280.0,2737498.0,10485760.0,838719.0
l4,NVIDIA L4,cudnn,512,128,34246.25,63.546812417469475,34239.5,34208.0,34464.0,1.0,kernel_table,8.0,1.0,1.0,128.0,1.0,1.0,203.0,0.0,40960.0,7864320.0,803615.0,2621440.0,229375.0
l4,NVIDIA L4,flash,512,128,25510.2,283.8297488209956,25568.0,24448.0,25920.0,2.0,kernel_table,8.0,4.0,1.0,128.0,1.0,1.0,240.0,0.0,81920.0,7864320.0,815743.0,2621440.0,229568.0
l4,NVIDIA L4,math,512,128,123340.25,797.7996632185169,123456.0,121856.0,124448.0,15.0,kernel_table,128.0,1.0,1.0,128.0,1.0,1.0,32.0,0.0,0.0,7864320.0,803807.0,2621440.0,228191.0
l4,NVIDIA L4,mea,512,128,51457.55,155.51898682526806,51504.0,50912.0,51584.0,1.0,kernel_table,8.0,1.0,1.0,32.0,8.0,1.0,124.0,0.0,52224.0,7864320.0,803613.0,2621440.0,229279.0
l4,NVIDIA L4,cudnn,512,64,33724.6,62.25110440787376,33727.5,33663.0,33888.0,1.0,kernel_table,4.0,1.0,1.0,128.0,1.0,1.0,233.0,0.0,40960.0,3932160.0,457471.0,1310720.0,129536.0
l4,NVIDIA L4,flash,512,64,22395.05,85.81772298859582,22384.0,22272.0,22720.0,2.0,kernel_table,8.0,2.0,1.0,128.0,1.0,1.0,254.0,0.0,73728.0,3932160.0,454336.0,1310720.0,128320.0
l4,NVIDIA L4,math,512,64,107839.65,372.58503444816034,107871.0,107104.0,108384.0,15.0,kernel_table,64.0,1.0,1.0,128.0,1.0,1.0,32.0,0.0,0.0,3932160.0,466079.0,1310720.0,128768.0
l4,NVIDIA L4,mea,512,64,51646.25,86.55443982044814,51616.0,51456.0,51872.0,1.0,kernel_table,8.0,1.0,1.0,32.0,4.0,1.0,128.0,0.0,18944.0,3932160.0,451488.0,1310720.0,128095.0
l4,NVIDIA L4,cudnn,8192,128,1166660.35,10102.64280835257,1164782.0,1154174.0,1187198.0,1.0,kernel_table,128.0,1.0,1.0,128.0,1.0,1.0,203.0,0.0,40960.0,125829120.0,17664193.0,41943040.0,3265048.0
l4,NVIDIA L4,flash,8192,128,1629385.4,6330.514923764101,1628940.5,1617181.0,1640637.0,1.0,kernel_table,64.0,1.0,1.0,128.0,1.0,1.0,255.0,0.0,49152.0,125829120.0,17693179.0,41943040.0,3265275.0
l4,NVIDIA L4,math,8192,128,12916291.35,15648.363355736532,12921078.5,12876071.0,12945766.0,14.0,kernel_table,2048.0,1.0,1.0,128.0,1.0,1.0,32.0,0.0,0.0,125829120.0,18672123.0,41943040.0,3271964.0
l4,NVIDIA L4,mea,8192,128,2202899.75,8959.276062595096,2205708.0,2184924.0,2214715.0,1.0,kernel_table,128.0,1.0,1.0,32.0,8.0,1.0,124.0,0.0,52224.0,125829120.0,18149628.0,41943040.0,3260027.0
l4,NVIDIA L4,cudnn,8192,64,770665.7,3524.6182040343783,770351.0,765374.0,778206.0,1.0,kernel_table,64.0,1.0,1.0,128.0,1.0,1.0,233.0,0.0,40960.0,62914560.0,5289396.0,20971520.0,1631231.0
l4,NVIDIA L4,flash,8192,64,834385.3,4296.473414324822,836014.0,824798.0,841023.0,1.0,kernel_table,64.0,1.0,1.0,128.0,1.0,1.0,255.0,0.0,49152.0,62914560.0,5342614.0,20971520.0,1622431.0
l4,NVIDIA L4,math,8192,64,10906590.7,16747.58923766893,10903466.0,10875498.0,10929450.0,14.0,kernel_table,1024.0,1.0,1.0,128.0,1.0,1.0,32.0,0.0,0.0,62914560.0,5324178.0,20971520.0,1636469.0
l4,NVIDIA L4,mea,8192,64,1134390.0,5868.791321809574,1135358.0,1121598.0,1142430.0,1.0,kernel_table,128.0,1.0,1.0,32.0,4.0,1.0,128.0,0.0,18944.0,62914560.0,5329114.0,20971520.0,1622077.0
rtx2060,NVIDIA GeForce RTX 2060,math,1024,128,2054047.4,,,,,,nvtx_total,,,,,,,,,,,,,
rtx2060,NVIDIA GeForce RTX 2060,mea,1024,128,640464.8,,,,,,nvtx_total,,,,,,,,,,,,,
rtx2060,NVIDIA GeForce RTX 2060,math,1024,64,1253335.2,,,,,,nvtx_total,,,,,,,,,,,,,
rtx2060,NVIDIA GeForce RTX 2060,mea,1024,64,601069.4,,,,,,nvtx_total,,,,,,,,,,,,,
rtx2060,NVIDIA GeForce RTX 2060,math,2048,128,2145418.85,,,,,,nvtx_total,,,,,,,,,,,,,
rtx2060,NVIDIA GeForce RTX 2060,mea,2048,128,1098378.45,,,,,,nvtx_total,,,,,,,,,,,,,
rtx2060,NVIDIA GeForce RTX 2060,math,2048,64,1920507.55,,,,,,nvtx_total,,,,,,,,,,,,,
rtx2060,NVIDIA GeForce RTX 2060,mea,2048,64,806266.95,,,,,,nvtx_total,,,,,,,,,,,,,
rtx2060,NVIDIA GeForce RTX 2060,math,256,128,1194681.95,,,,,,nvtx_total,,,,,,,,,,,,,
rtx2060,NVIDIA GeForce RTX 2060,mea,256,128,560608.35,,,,,,nvtx_total,,,,,,,,,,,,,
rtx2060,NVIDIA GeForce RTX 2060,math,256,64,1586913.65,,,,,,nvtx_total,,,,,,,,,,,,,
rtx2060,NVIDIA GeForce RTX 2060,mea,256,64,422399.25,,,,,,nvtx_total,,,,,,,,,,,,,
rtx2060,NVIDIA GeForce RTX 2060,math,4096,128,5673109.85,,,,,,nvtx_total,,,,,,,,,,,,,
rtx2060,NVIDIA GeForce RTX 2060,mea,4096,128,2157848.1,,,,,,nvtx_total,,,,,,,,,,,,,
rtx2060,NVIDIA GeForce RTX 2060,math,4096,64,4328235.9,,,,,,nvtx_total,,,,,,,,,,,,,
rtx2060,NVIDIA GeForce RTX 2060,mea,4096,64,1197215.1,,,,,,nvtx_total,,,,,,,,,,,,,
rtx2060,NVIDIA GeForce RTX 2060,math,512,128,1343794.3,,,,,,nvtx_total,,,,,,,,,,,,,
rtx2060,NVIDIA GeForce RTX 2060,mea,512,128,506560.55,,,,,,nvtx_total,,,,,,,,,,,,,
rtx2060,NVIDIA GeForce RTX 2060,math,512,64,1142506.35,,,,,,nvtx_total,,,,,,,,,,,,,
rtx2060,NVIDIA GeForce RTX 2060,mea,512,64,480699.4,,,,,,nvtx_total,,,,,,,,,,,,,
rtx2060,NVIDIA GeForce RTX 2060,math,8192,128,16314651.2,,,,,,nvtx_total,,,,,,,,,,,,,
rtx2060,NVIDIA GeForce RTX 2060,mea,8192,128,5141752.4,,,,,,nvtx_total,,,,,,,,,,,,,
rtx2060,NVIDIA GeForce RTX 2060,math,8192,64,13602147.4,,,,,,nvtx_total,,,,,,,,,,,,,
rtx2060,NVIDIA GeForce RTX 2060,mea,8192,64,3065341.8,,,,,,nvtx_total,,,,,,,,,,,,,
t4,Tesla T4,math,1024,128,520181.95,1529.183148818865,520603.5,516413.0,522685.0,14.0,kernel_table,256.0,1.0,1.0,128.0,1.0,1.0,32.0,0.0,0.0,15728640.0,1453562.0,5242880.0,426875.0
t4,Tesla T4,mea,1024,128,143578.2,226.81538980552352,143567.0,143231.0,144063.0,1.0,kernel_table,32.0,1.0,1.0,32.0,4.0,1.0,160.0,0.0,26112.0,15728640.0,1430161.0,5242880.0,418877.0
t4,Tesla T4,math,1024,64,371536.45,1041.6489192874112,371725.0,369820.0,373982.0,14.0,kernel_table,128.0,1.0,1.0,128.0,1.0,1.0,32.0,0.0,0.0,7864320.0,800087.0,2621440.0,226236.0
t4,Tesla T4,mea,1024,64,165709.15,96.09659340037967,165695.0,165534.0,165919.0,1.0,kernel_table,16.0,1.0,1.0,32.0,4.0,1.0,151.0,0.0,18944.0,7864320.0,805179.0,2621440.0,224479.0
t4,Tesla T4,math,2048,128,1584727.55,4827.43923044964,1583556.0,1576693.0,1594547.0,14.0,kernel_table,512.0,1.0,1.0,128.0,1.0,1.0,32.0,0.0,0.0,31457280.0,2837417.0,10485760.0,820412.0
t4,Tesla T4,mea,2048,128,401152.3,5158.033612469817,401245.0,393021.0,410173.0,1.0,kernel_table,64.0,1.0,1.0,32.0,4.0,1.0,160.0,0.0,26112.0,31457280.0,2719977.0,10485760.0,815001.0
t4,Tesla T4,math,2048,64,1139823.6,4677.201169390447,1139336.0,1130775.0,1148632.0,15.0,kernel_table,256.0,1.0,1.0,128.0,1.0,1.0,32.0,0.0,0.0,15728640.0,1530389.0,5242880.0,426942.0
t4,Tesla T4,mea,2048,64,334863.2,240.59347674579956,334861.5,334462.0,335262.0,1.0,kernel_table,32.0,1.0,1.0,32.0,4.0,1.0,151.0,0.0,18944.0,15728640.0,1444981.0,5242880.0,418653.0
t4,Tesla T4,math,256,128,116125.2,108.44333955913035,116159.0,115902.0,116288.0,14.0,kernel_table,64.0,1.0,1.0,128.0,1.0,1.0,32.0,0.0,0.0,3932160.0,570844.0,1310720.0,128223.0
t4,Tesla T4,mea,256,128,38175.65,70.34522016455702,38175.5,38079.0,38368.0,1.0,kernel_table,8.0,1.0,1.0,32.0,4.0,1.0,160.0,0.0,26112.0,3932160.0,579676.0,1310720.0,128286.0
t4,Tesla T4,math,256,64,96171.9,174.82047934953155,96175.0,95775.0,96511.0,15.0,kernel_table,32.0,1.0,1.0,128.0,1.0,1.0,32.0,0.0,0.0,1966080.0,325630.0,655360.0,79967.0
t4,Tesla T4,mea,256,64,46967.55,60.58875612208137,46944.0,46912.0,47168.0,1.0,kernel_table,4.0,1.0,1.0,32.0,4.0,1.0,151.0,0.0,18944.0,1966080.0,338459.0,655360.0,80063.0
t4,Tesla T4,math,4096,128,5847176.6,2111.121138911241,5847333.0,5843575.0,5850005.0,14.0,kernel_table,1024.0,1.0,1.0,128.0,1.0,1.0,32.0,0.0,0.0,62914560.0,5284222.0,20971520.0,1594550.0
t4,Tesla T4,mea,4096,128,1539105.95,8654.895861059766,1538485.0,1524886.0,1554518.0,1.0,kernel_table,128.0,1.0,1.0,32.0,4.0,1.0,160.0,0.0,26112.0,62914560.0,5280150.0,20971520.0,1593361.0
t4,Tesla T4,math,4096,64,4391610.0,2838.4304224620155,4391489.0,4386305.0,4397601.0,14.0,kernel_table,512.0,1.0,1.0,128.0,1.0,1.0,32.0,0.0,0.0,31457280.0,2742384.0,10485760.0,820634.0
t4,Tesla T4,mea,4096,64,898646.9,18032.323541498004,903658.0,856347.0,919130.0,1.0,kernel_table,64.0,1.0,1.0,32.0,4.0,1.0,151.0,0.0,18944.0,31457280.0,2721006.0,10485760.0,815419.0
t4,Tesla T4,math,512,128,180787.35,225.35615671292643,180798.5,180318.0,181151.0,14.0,kernel_table,128.0,1.0,1.0,128.0,1.0,1.0,32.0,0.0,0.0,7864320.0,800348.0,2621440.0,225981.0
t4,Tesla T4,mea,512,128,69809.05,100.26201201168655,69823.0,69663.0,69983.0,1.0,kernel_table,16.0,1.0,1.0,32.0,4.0,1.0,160.0,0.0,26112.0,7864320.0,805561.0,2621440.0,224767.0
t4,Tesla T4,math,512,64,151672.6,211.60723298751293,151695.5,151326.0,152063.0,14.0,kernel_table,64.0,1.0,1.0,128.0,1.0,1.0,32.0,0.0,0.0,3932160.0,580538.0,1310720.0,128030.0
t4,Tesla T4,mea,512,64,86722.45,93.98514720282583,86687.5,86655.0,87007.0,1.0,kernel_table,8.0,1.0,1.0,32.0,4.0,1.0,151.0,0.0,18944.0,3932160.0,584637.0,1310720.0,127423.0
t4,Tesla T4,math,8192,128,22052950.25,3720.665091577608,22052949.5,22045668.0,22062885.0,14.0,kernel_table,2048.0,1.0,1.0,128.0,1.0,1.0,32.0,0.0,0.0,125829120.0,18092767.0,41943040.0,3217836.0
t4,Tesla T4,mea,8192,128,5633337.6,85706.56855279377,5618374.5,5571319.0,5988563.0,1.0,kernel_table,256.0,1.0,1.0,32.0,4.0,1.0,160.0,0.0,26112.0,125829120.0,18026749.0,41943040.0,3217482.0
t4,Tesla T4,math,8192,64,16496060.75,5477.65279039346,16494832.0,16488783.0,16508369.0,14.0,kernel_table,1024.0,1.0,1.0,128.0,1.0,1.0,32.0,0.0,0.0,62914560.0,5271931.0,20971520.0,1593523.0
t4,Tesla T4,mea,8192,64,3383858.75,19371.04035158235,3390344.0,3339400.0,3404743.0,1.0,kernel_table,128.0,1.0,1.0,32.0,4.0,1.0,151.0,0.0,18944.0,62914560.0,5330939.0,20971520.0,1593494.0
